-- Inserting 20 example records for the `years` table
INSERT INTO `year` (`id`, `year`)
VALUES (1, 2023),
       (2, 2024),
       (3, 2025),
       (4, 2026),
       (5, 2027),
       (6, 2028),
       (7, 2029),
       (8, 2030),
       (9, 2031),
       (10, 2032),
       (11, 2033),
       (12, 2034),
       (13, 2035),
       (14, 2036),
       (15, 2037),
       (16, 2038),
       (17, 2039),
       (18, 2040),
       (19, 2041),
       (20, 2042);

-- Inserting 20 example records for the `subject` table
INSERT INTO `subject` (`id`, `name`)
VALUES (1, 'Mathematics'),
       (2, 'English'),
       (3, 'Science'),
       (4, 'History'),
       (5, 'Geography'),
       (6, 'Physics'),
       (7, 'Chemistry'),
       (8, 'Biology'),
       (9, 'Art'),
       (10, 'Music'),
       (11, 'Physical Education'),
       (12, 'Economics'),
       (13, 'Computer Science'),
       (14, 'Philosophy'),
       (15, 'Literature'),
       (16, 'Sociology'),
       (17, 'Political Science'),
       (18, 'Psychology'),
       (19, 'Foreign Languages'),
       (20, 'Drama');

-- Inserting 20 example records for the `publisher` table
INSERT INTO `publisher` (`id`, `publisher_number`, `name`)
VALUES (1, 1001, 'Pearson'),
       (2, 1002, 'Oxford University Press'),
       (3, 1003, 'Cambridge University Press'),
       (4, 1004, 'Macmillan Education'),
       (5, 1005, 'Houghton Mifflin Harcourt'),
       (6, 1006, 'Scholastic Inc.'),
       (7, 1007, 'HarperCollins Publishers'),
       (8, 1008, 'McGraw-Hill Education'),
       (9, 1009, 'Cengage Learning'),
       (10, 1010, 'John Wiley & Sons'),
       (11, 1011, 'Penguin Random House'),
       (12, 1012, 'Simon & Schuster'),
       (13, 1013, 'Elsevier'),
       (14, 1014, 'Random House'),
       (15, 1015, 'Bloomsbury Publishing'),
       (16, 1016, 'Harlequin Enterprises'),
       (17, 1017, 'Blackwell Publishing'),
       (18, 1018, 'Informa'),
       (19, 1019, 'Taylor & Francis'),
       (20, 1020, 'Springer Nature');

-- Inserting 20 example records for the `book` table
INSERT INTO `book` (`id`, `order_number`, `short_title`, `title`, `school_form`, `description`, `book_price`, `ebook`,
                    `ebook_plus`, `grade`, `subject_id`, `publisher_id`, `year_id`)
VALUES (1, 101, 'Intro to Algebra', 'Introduction to Algebra', 1, 'Basic Algebra', 1500, 0, 0, '9', 1, 1, 1),
       (2, 102, 'English Grammar', 'English Grammar for Beginners', 1, 'Basic English Grammar', 1200, 1, 0, '8', 2, 2,
        2),
       (3, 103, 'Basic Biology', 'Basic Biology for Middle School', 1, 'Introduction to Biology', 1300, 0, 1, '7', 3, 3,
        1),
       (4, 104, 'World History', 'World History: An Overview', 1, 'Historical Overview', 1100, 0, 0, '10', 4, 4, 2),
       (5, 105, 'Geography Basics', 'Understanding Geography', 1, 'Intro to Geography', 1000, 0, 0, '6', 5, 5, 3),
       (6, 106, 'Physics Essentials', 'Essentials of Physics', 1, 'Basics of Physics', 1600, 1, 0, '11', 6, 6, 2),
       (7, 107, 'Chemistry Principles', 'Principles of Chemistry', 1, 'Intro to Chemistry', 1400, 0, 1, '12', 7, 7, 3),
       (8, 108, 'Art for Beginners', 'Art for Beginners', 1, 'Learning Art', 900, 1, 0, '5', 9, 8, 1),
       (9, 109, 'Music Theory', 'Introduction to Music Theory', 1, 'Learning Music Theory', 1050, 0, 0, '9', 10, 9, 2),
       (10, 110, 'Advanced Math', 'Advanced Mathematics', 1, 'Math for High School', 1800, 0, 1, '12', 1, 1, 3),
       (11, 111, 'Physical Education Basics', 'Basics of Physical Education', 1, 'Intro to PE', 800, 0, 0, '7', 11, 10,
        1),
       (12, 112, 'Economics for Beginners', 'Intro to Economics', 1, 'Basic Economics', 1100, 0, 1, '11', 12, 12, 2),
       (13, 113, 'Computer Science Principles', 'Intro to Computer Science', 1, 'Basic CS', 1500, 1, 0, '8', 13, 8, 3),
       (14, 114, 'Philosophy Overview', 'Overview of Philosophy', 1, 'Intro to Philosophy', 1000, 0, 0, '10', 14, 7, 1),
       (15, 115, 'Literature Basics', 'Basics of Literature', 1, 'Learning Literature', 1300, 1, 1, '12', 15, 9, 2),
       (16, 116, 'Sociology Principles', 'Principles of Sociology', 1, 'Intro to Sociology', 1250, 0, 1, '9', 16, 6, 3),
       (17, 117, 'Political Science Essentials', 'Essentials of Political Science', 1, 'Basic Political Science', 1300,
        0, 1, '10', 17, 4, 1),
       (18, 118, 'Psychology Overview', 'Overview of Psychology', 1, 'Intro to Psychology', 1250, 0, 0, '8', 18, 15, 2),
       (19, 119, 'Foreign Languages Basics', 'Basics of Foreign Languages', 1, 'Learning Languages', 1200, 1, 1, '7',
        19, 3, 3),
       (20, 120, 'Drama Principles', 'Intro to Drama', 1, 'Basics of Drama', 1400, 0, 0, '11', 20, 14, 1);

-- Inserting 20 example records for the `department` table
INSERT INTO `department` (`id`, `name`, `budget`, `used_budget`, `valid_from`, `valid_to`)
VALUES (1, 'Science Department', 10000, 2000, '2024-01-01', '2024-12-31'),
       (2, 'Mathematics Department', 8000, 1500, '2024-01-01', '2024-12-31'),
       (3, 'English Department', 7000, 1200, '2024-01-01', '2024-12-31'),
       (4, 'History Department', 6000, 900, '2024-01-01', '2024-12-31'),
       (5, 'Geography Department', 5500, 800, '2024-01-01', '2024-12-31'),
       (6, 'Physics Department', 6500, 1100, '2024-01-01', '2024-12-31'),
       (7, 'Chemistry Department', 6000, 1000, '2024-01-01', '2024-12-31'),
       (8, 'Art Department', 5000, 600, '2024-01-01', '2024-12-31'),
       (9, 'Music Department', 5000, 700, '2024-01-01', '2024-12-31'),
       (10, 'PE Department', 4000, 500, '2024-01-01', '2024-12-31'),
       (11, 'Economics Department', 4500, 650, '2024-01-01', '2024-12-31'),
       (12, 'Computer Science Department', 6000, 1000, '2024-01-01', '2024-12-31'),
       (13, 'Philosophy Department', 5500, 900, '2024-01-01', '2024-12-31'),
       (14, 'Literature Department', 6500, 1100, '2024-01-01', '2024-12-31'),
       (15, 'Sociology Department', 5000, 600, '2024-01-01', '2024-12-31'),
       (16, 'Political Science Department', 4800, 700, '2024-01-01', '2024-12-31'),
       (17, 'Psychology Department', 5100, 750, '2024-01-01', '2024-12-31'),
       (18, 'Foreign Languages Department', 4700, 650, '2024-01-01', '2024-12-31'),
       (19, 'Drama Department', 4300, 580, '2024-01-01', '2024-12-31'),
       (20, 'Art History Department', 4900, 660, '2024-01-01', '2024-12-31');

-- Inserting 20 example records for the `school_class` table
INSERT INTO `school_class` (`id`, `name`, `grade`, `students`, `repetents`, `budget`, `used_budget`, `department_id`,
                            `year_id`)
VALUES (1, 'Class 9A', 9, 25, 2, 2000, 500, 1, 1),
       (2, 'Class 8B', 8, 30, 1, 1500, 300, 2, 2),
       (3, 'Class 7C', 7, 28, 2, 1600, 400, 3, 3),
       (4, 'Class 10A', 10, 24, 0, 1800, 500, 4, 1),
       (5, 'Class 6D', 6, 35, 3, 1400, 350, 5, 2),
       (6, 'Class 11B', 11, 27, 1, 2200, 600, 6, 3),
       (7, 'Class 12A', 12, 26, 0, 2000, 500, 7, 1),
       (8, 'Class 5C', 5, 32, 4, 1300, 300, 8, 2),
       (9, 'Class 9B', 9, 28, 2, 1900, 450, 9, 3),
       (10, 'Class 10C', 10, 29, 0, 2100, 550, 10, 1),
       (11, 'Class 6E', 6, 25, 1, 1400, 400, 11, 2),
       (12, 'Class 7D', 7, 28, 0, 1600, 500, 12, 3),
       (13, 'Class 8C', 8, 26, 2, 1500, 400, 13, 1),
       (14, 'Class 9C', 9, 23, 1, 1900, 450, 14, 2),
       (15, 'Class 10B', 10, 24, 0, 1800, 500, 15, 3),
       (16, 'Class 5D', 5, 33, 3, 1300, 350, 16, 1),
       (17, 'Class 11A', 11, 30, 0, 2000, 600, 17, 2),
       (18, 'Class 12B', 12, 27, 1, 2200, 650, 18, 3),
       (19, 'Class 5E', 5, 32, 2, 1300, 350, 19, 1),
       (20, 'Class 10D', 10, 28, 0, 2100, 550, 20, 2);

-- Inserting 20 example records for the `book_order` table
INSERT INTO `book_order` (`id`, `count`, `teacher_copy`, `last_user`, `creation_user`, `school_class_id`, `book_id`,
                          `year_id`)
VALUES (1, 20, 1, 'Ms. Smith', 'Mr. Johnson', 1, 1, 1),
       (2, 15, 0, 'Mr. Brown', 'Ms. Green', 2, 2, 2),
       (3, 18, 1, 'Mr. Adams', 'Mrs. Parker', 3, 3, 3),
       (4, 22, 1, 'Ms. Taylor', 'Mr. Collins', 4, 4, 1),
       (5, 12, 0, 'Ms. White', 'Mr. Harris', 5, 5, 2),
       (6, 10, 1, 'Mr. Roberts', 'Ms. King', 6, 6, 3),
       (7, 16, 1, 'Ms. Brooks', 'Mr. Nelson', 7, 7, 1),
       (8, 14, 0, 'Mr. Gray', 'Ms. Evans', 8, 8, 2),
       (9, 20, 1, 'Ms. Murphy', 'Mr. Garcia', 9, 9, 3),
       (10, 18, 1, 'Mr. Cooper', 'Ms. Martinez', 10, 10, 1),
       (11, 14, 1, 'Mr. Reed', 'Ms. Rogers', 11, 11, 2),
       (12, 19, 0, 'Ms. Phillips', 'Mr. Murphy', 12, 12, 3),
       (13, 21, 1, 'Mr. Sanders', 'Ms. Cox', 13, 13, 1),
       (14, 15, 0, 'Ms. Young', 'Mr. Foster', 14, 14, 2),
       (15, 22, 1, 'Mr. Ramirez', 'Ms. Murphy', 15, 15, 3),
       (16, 18, 0, 'Mr. Wright', 'Ms. Sullivan', 16, 16, 1),
       (17, 20, 1, 'Mr. Richardson', 'Ms. Cook', 17, 17, 2),
       (18, 17, 1, 'Ms. Collins', 'Mr. Flores', 18, 18, 3),
       (19, 13, 1, 'Mr. Torres', 'Ms. Perry', 19, 19, 1),
       (20, 15, 0, 'Mr. Price', 'Ms. Foster', 20, 20, 2);
